name,male,female
Aaron,1,0
Abbey,0,1
Abbie,0,1
Abby,0,1
Abdul,1,0
Abe,1,0
Abel,1,0
Abigail,0,1
Abraham,1,0
Abram,1,0
Ada,0,1
Adah,0,1
Adalberto,1,0
Adaline,0,1
Adam,1,0
Adam,1,0
Adan,1,0
Addie,1,1
Adela,0,1
Adelaida,0,1
Adelaide,0,1
Adele,0,1
Adelia,0,1
Adelina,0,1
Adeline,0,1
Adell,1,1
Adella,0,1
Adelle,0,1
Adena,0,1
Adina,0,1
Adolfo,1,0
Adolph,1,0
Adria,0,1
Adrian,1,0
Adrian,1,1
Adriana,0,1
Adriane,0,1
Adrianna,0,1
Adrianne,0,1
Adrien,1,1
Adriene,0,1
Adrienne,0,1
Afton,1,0
Agatha,0,1
Agnes,0,1
Agnus,0,1
Agripina,0,1
Agueda,0,1
Agustin,1,0
Agustina,0,1
Ahmad,1,0
Ahmed,1,0
Ai,1,0
Aida,0,1
Aide,0,1
Aiko,0,1
Aileen,0,1
Ailene,0,1
Aimee,0,1
Aisha,0,1
Aja,1,1
Akiko,0,1
Akilah,0,1
Al,1,0
Alaina,0,1
Alaine,0,1
Alan,1,0
Alana,0,1
Alane,0,1
Alanna,0,1
Alayna,0,1
Alba,0,1
Albert,1,0
Albert,1,0
Alberta,0,1
Albertha,0,1
Albertina,0,1
Albertine,0,1
Alberto,1,0
Albina,0,1
Alda,0,1
Alden,1,0
Aldo,1,0
Alease,0,1
Alec,1,0
Alecia,0,1
Aleen,0,1
Aleida,0,1
Aleisha,0,1
Alejandra,0,1
Alejandrina,0,1
Alejandro,1,0
Alena,0,1
Alene,0,1
Alesha,0,1
Aleshia,0,1
Alesia,0,1
Alessandra,0,1
Aleta,0,1
Aletha,0,1
Alethea,0,1
Alethia,0,1
Alex,1,0
Alex,1,1
Alexa,0,1
Alexander,1,0
Alexander,1,0
Alexandra,0,1
Alexandria,0,1
Alexia,0,1
Alexis,0,1
Alexis,0,1
Alfonso,1,0
Alfonzo,1,0
Alfred,1,0
Alfreda,0,1
Alfredia,0,1
Alfredo,1,0
Ali,1,1
Ali,1,1
Alia,0,1
Alica,0,1
Alice,0,1
Alicia,0,1
Alida,0,1
Alina,0,1
Aline,0,1
Alisa,0,1
Alise,0,1
Alisha,0,1
Alishia,0,1
Alisia,0,1
Alison,0,1
Alissa,0,1
Alita,0,1
Alix,0,1
Aliza,0,1
Alla,0,1
Allan,1,0
Alleen,0,1
Allegra,0,1
Allen,1,0
Allen,1,0
Allena,0,1
Allene,0,1
Allie,0,1
Alline,0,1
Allison,0,1
Allyn,0,1
Allyson,0,1
Alma,0,1
Almeda,0,1
Almeta,0,1
Alona,0,1
Alonso,1,0
Alonzo,1,0
Alpha,0,1
Alphonse,1,0
Alphonso,1,0
Alta,0,1
Altagracia,0,1
Altha,0,1
Althea,0,1
Alton,1,0
Alva,0,1
Alva,0,1
Alvaro,1,0
Alvera,0,1
Alverta,0,1
Alvin,1,0
Alvina,0,1
Alyce,0,1
Alycia,0,1
Alysa,0,1
Alyse,0,1
Alysha,0,1
Alysia,0,1
Alyson,0,1
Alyssa,0,1
Amada,0,1
Amado,1,0
Amal,1,0
Amalia,0,1
Amanda,0,1
Amber,0,1
Amberly,0,1
Ambrose,1,0
Amee,0,1
Amelia,0,1
America,1,1
Ami,0,1
Amie,0,1
Amiee,0,1
Amina,0,1
Amira,0,1
Ammie,0,1
Amos,1,0
Amparo,1,0
Amy,0,1
An,0,1
Ana,0,1
Anabel,0,1
Analisa,0,1
Anamaria,0,1
Anastacia,0,1
Anastasia,0,1
Andera,0,1
Anderson,1,0
Andra,0,1
Andre,1,0
Andre,1,0
Andrea,0,1
Andrea,0,1
Andreas,1,0
Andree,0,1
Andres,1,0
Andrew,1,0
Andrew,1,0
Andria,0,1
Andy,1,1
Anette,0,1
Angel,0,1
Angel,1,1
Angela,0,1
Angele,0,1
Angelena,0,1
Angeles,1,0
Angelia,0,1
Angelic,0,1
Angelica,0,1
Angelika,0,1
Angelina,0,1
Angeline,0,1
Angelique,0,1
Angelita,0,1
Angella,0,1
Angelo,1,0
Angelo,1,0
Angelyn,1,1
Angie,0,1
Angila,0,1
Angla,0,1
Angle,1,0
Anglea,0,1
Anh,1,1
Anibal,1,0
Anika,0,1
Anisa,0,1
Anisha,0,1
Anissa,0,1
Anita,0,1
Anitra,0,1
Anja,0,1
Anjanette,0,1
Anjelica,0,1
Ann,0,1
Anna,0,1
Annabel,0,1
Annabell,0,1
Annabelle,0,1
Annalee,0,1
Annalisa,0,1
Annamae,0,1
Annamaria,0,1
Annamarie,0,1
Anne,0,1
Anneliese,0,1
Annelle,0,1
Annemarie,0,1
Annett,0,1
Annetta,0,1
Annette,0,1
Annice,0,1
Annie,0,1
Annika,0,1
Annis,1,0
Annita,0,1
Annmarie,0,1
Anthony,1,0
Anthony,1,0
Antione,1,0
Antionette,0,1
Antoine,1,0
Antoinette,0,1
Anton,1,0
Antone,0,1
Antonetta,0,1
Antonette,0,1
Antonia,0,1
Antonia,0,1
Antonietta,0,1
Antonina,0,1
Antonio,1,0
Antonio,1,0
Antony,1,0
Antwan,1,0
Anya,0,1
Apolonia,0,1
April,0,1
Apryl,0,1
Ara,0,1
Araceli,1,0
Aracelis,1,0
Aracely,1,1
Arcelia,0,1
Archie,1,0
Ardath,1,0
Ardelia,0,1
Ardell,1,0
Ardella,0,1
Ardelle,0,1
Arden,1,0
Ardis,1,0
Ardith,0,1
Aretha,0,1
Argelia,0,1
Argentina,0,1
Ariana,0,1
Ariane,0,1
Arianna,0,1
Arianne,0,1
Arica,0,1
Arie,1,0
Ariel,0,1
Ariel,0,1
Arielle,0,1
Arla,0,1
Arlean,0,1
Arleen,0,1
Arlen,1,0
Arlena,0,1
Arlene,0,1
Arletha,0,1
Arletta,0,1
Arlette,0,1
Arlie,1,0
Arlinda,0,1
Arline,0,1
Arlyne,0,1
Armand,1,0
Armanda,0,1
Armandina,0,1
Armando,1,0
Armida,0,1
Arminda,0,1
Arnetta,0,1
Arnette,0,1
Arnita,0,1
Arnold,1,0
Arnoldo,1,0
Arnulfo,1,0
Aron,1,0
Arron,1,0
Art,1,0
Arthur,1,0
Arthur,1,0
Artie,1,0
Arturo,1,0
Arvilla,0,1
Asa,1,1
Asha,0,1
Ashanti,0,1
Ashely,1,1
Ashlea,0,1
Ashlee,0,1
Ashleigh,1,1
Ashley,0,1
Ashley,0,1
Ashli,0,1
Ashlie,0,1
Ashly,0,1
Ashlyn,0,1
Ashton,1,0
Asia,0,1
Asley,1,0
Assunta,0,1
Astrid,0,1
Asuncion,1,0
Athena,0,1
Aubrey,1,1
Aubrey,0,1
Audie,1,0
Audra,0,1
Audrea,0,1
Audrey,0,1
Audria,0,1
Audrie,0,1
Audry,0,1
August,1,1
Augusta,0,1
Augustina,0,1
Augustine,0,1
Augustine,0,1
Augustus,1,0
Aundrea,0,1
Aura,0,1
Aurea,0,1
Aurelia,0,1
Aurelio,1,0
Aurora,0,1
Aurore,1,0
Austin,1,0
Austin,1,0
Autumn,0,1
Ava,0,1
Avelina,0,1
Avery,1,1
Avery,1,1
Avis,0,1
Avril,0,1
Awilda,0,1
Ayako,0,1
Ayana,0,1
Ayanna,0,1
Ayesha,0,1
Azalee,0,1
Azucena,0,1
Azzie,1,0
Babara,0,1
Babette,0,1
Bailey,1,1
Bambi,0,1
Bao,1,0
Barabara,0,1
Barb,0,1
Barbar,1,0
Barbara,0,1
Barbera,0,1
Barbie,0,1
Barbra,0,1
Bari,1,0
Barney,1,0
Barrett,1,0
Barrie,1,0
Barry,1,0
Bart,1,0
Barton,1,0
Basil,1,0
Basilia,0,1
Bea,0,1
Beata,0,1
Beatrice,0,1
Beatris,0,1
Beatriz,0,1
Beau,1,0
Beaulah,0,1
Bebe,0,1
Becki,0,1
Beckie,0,1
Becky,0,1
Bee,0,1
Belen,0,1
Belia,0,1
Belinda,0,1
Belkis,1,0
Bell,1,0
Bella,0,1
Belle,0,1
Belva,0,1
Ben,1,0
Benedict,1,0
Benita,0,1
Benito,1,0
Benjamin,1,0
Bennett,1,0
Bennie,1,0
Bennie,1,0
Benny,1,0
Benton,1,0
Berenice,0,1
Berna,0,1
Bernadette,0,1
Bernadine,0,1
Bernard,1,0
Bernarda,0,1
Bernardina,0,1
Bernardine,0,1
Bernardo,1,0
Berneice,0,1
Bernetta,0,1
Bernice,0,1
Bernie,1,0
Bernie,1,0
Berniece,0,1
Bernita,0,1
Berry,1,0
Berry,1,0
Bert,1,0
Berta,0,1
Bertha,0,1
Bertie,0,1
Bertram,1,0
Beryl,1,0
Bess,0,1
Bessie,0,1
Beth,0,1
Bethanie,0,1
Bethann,1,0
Bethany,0,1
Bethel,0,1
Betsey,0,1
Betsy,0,1
Bette,0,1
Bettie,0,1
Bettina,0,1
Betty,0,1
Bettyann,0,1
Bettye,0,1
Beula,0,1
Beulah,1,0
Bev,0,1
Beverlee,0,1
Beverley,0,1
Beverly,0,1
Bianca,0,1
Bibi,0,1
Bill,1,0
Billi,1,0
Billie,1,1
Billie,1,1
Billy,1,0
Billy,1,0
Billye,1,0
Birdie,1,0
Birgit,0,1
Blaine,1,0
Blair,1,0
Blair,1,0
Blake,1,0
Blake,1,0
Blanca,0,1
Blanch,1,0
Blanche,1,0
Blondell,0,1
Blossom,0,1
Blythe,1,0
Bo,1,1
Bob,1,0
Bobbi,1,0
Bobbie,1,0
Bobbie,1,0
Bobby,1,0
Bobby,1,0
Bobbye,1,0
Bobette,0,1
Bok,1,0
Bong,1,0
Bonita,0,1
Bonnie,0,1
Bonny,0,1
Booker,1,0
Boris,1,0
Boyce,1,0
Boyd,1,0
Brad,1,0
Bradford,1,0
Bradley,1,0
Bradly,1,0
Brady,1,0
Brain,1,0
Branda,0,1
Brande,1,1
Brandee,1,1
Branden,1,0
Brandi,0,1
Brandie,0,1
Brandon,1,0
Brandon,1,0
Brandy,0,1
Brant,1,0
Breana,0,1
Breann,0,1
Breanna,0,1
Breanne,0,1
Bree,0,1
Brenda,0,1
Brendan,1,0
Brendon,1,0
Brenna,0,1
Brent,1,0
Brenton,1,0
Bret,1,0
Brett,1,0
Brett,1,0
Brian,1,0
Brian,1,0
Briana,0,1
Brianna,0,1
Brianne,0,1
Brice,1,0
Bridget,0,1
Bridgett,0,1
Bridgette,0,1
Brigette,0,1
Brigid,0,1
Brigida,0,1
Brigitte,0,1
Brinda,0,1
Britany,0,1
Britney,0,1
Britni,0,1
Britt,0,1
Britt,1,1
Britta,0,1
Brittaney,0,1
Brittani,0,1
Brittanie,0,1
Brittany,0,1
Britteny,0,1
Brittney,0,1
Brittni,0,1
Brittny,0,1
Brock,1,0
Broderick,1,0
Bronwyn,1,0
Brook,1,0
Brooke,0,1
Brooks,1,1
Bruce,1,0
Bruna,0,1
Brunilda,0,1
Bruno,1,0
Bryan,1,0
Bryanna,0,1
Bryant,1,0
Bryce,1,0
Brynn,1,1
Bryon,1,0
Buck,1,0
Bud,1,0
Buddy,1,0
Buena,0,1
Buffy,0,1
Buford,1,0
Bula,0,1
Bulah,0,1
Bunny,0,1
Burl,1,0
Burma,0,1
Burt,1,0
Burton,1,0
Buster,1,0
Byron,1,0
Caitlin,0,1
Caitlyn,0,1
Calandra,0,1
Caleb,1,0
Calista,0,1
Callie,0,1
Calvin,1,0
Camelia,0,1
Camellia,0,1
Cameron,1,1
Cameron,1,1
Cami,0,1
Camie,0,1
Camila,0,1
Camilla,0,1
Camille,0,1
Cammie,0,1
Cammy,0,1
Candace,0,1
Candance,0,1
Candelaria,0,1
Candi,0,1
Candice,0,1
Candida,0,1
Candie,0,1
Candis,0,1
Candra,0,1
Candy,0,1
Candyce,0,1
Caprice,0,1
Cara,0,1
Caren,0,1
Carey,0,1
Carey,0,1
Cari,0,1
Caridad,1,0
Carie,0,1
Carin,0,1
Carina,0,1
Carisa,0,1
Carissa,0,1
Carita,0,1
Carl,1,0
Carl,1,0
Carla,0,1
Carlee,0,1
Carleen,0,1
Carlena,0,1
Carlene,0,1
Carletta,0,1
Carley,0,1
Carli,0,1
Carlie,0,1
Carline,0,1
Carlita,0,1
Carlo,1,0
Carlos,1,0
Carlos,1,0
Carlota,0,1
Carlotta,0,1
Carlton,1,0
Carly,0,1
Carlyn,0,1
Carma,0,1
Carman,1,1
Carmel,0,1
Carmela,0,1
Carmelia,0,1
Carmelina,0,1
Carmelita,0,1
Carmella,0,1
Carmelo,1,0
Carmen,1,1
Carmen,0,1
Carmina,0,1
Carmine,1,0
Carmon,1,0
Carol,0,1
Carol,0,1
Carola,0,1
Carolann,0,1
Carole,0,1
Carolee,0,1
Carolin,0,1
Carolina,0,1
Caroline,0,1
Caroll,0,1
Carolyn,0,1
Carolyne,0,1
Carolynn,0,1
Caron,0,1
Caroyln,0,1
Carri,0,1
Carrie,0,1
Carrol,0,1
Carrol,0,1
Carroll,0,1
Carroll,0,1
Carry,0,1
Carson,1,0
Carter,1,0
Cary,0,1
Cary,0,1
Caryl,0,1
Carylon,1,0
Caryn,0,1
Casandra,0,1
Casey,1,1
Casey,1,1
Casie,0,1
Casimira,0,1
Cassandra,0,1
Cassaundra,0,1
Cassey,1,1
Cassi,0,1
Cassidy,0,1
Cassie,0,1
Cassondra,0,1
Cassy,0,1
Catalina,0,1
Catarina,0,1
Caterina,0,1
Catharine,0,1
Catherin,0,1
Catherina,0,1
Catherine,0,1
Cathern,0,1
Catheryn,0,1
Cathey,0,1
Cathi,0,1
Cathie,0,1
Cathleen,0,1
Cathrine,0,1
Cathryn,0,1
Cathy,0,1
Catina,0,1
Catrice,0,1
Catrina,0,1
Cayla,0,1
Cecelia,0,1
Cecil,0,1
Cecil,1,0
Cecila,0,1
Cecile,1,1
Cecilia,0,1
Cecille,0,1
Cecily,0,1
Cedric,1,0
Cedrick,1,0
Celena,0,1
Celesta,0,1
Celeste,0,1
Celestina,0,1
Celestine,0,1
Celia,0,1
Celina,0,1
Celinda,0,1
Celine,0,1
Celsa,0,1
Ceola,0,1
Cesar,1,0
Chad,1,0
Chadwick,1,0
Chae,0,1
Chan,1,0
Chana,0,1
Chance,0,1
Chanda,0,1
Chandra,0,1
Chanel,0,1
Chanell,0,1
Chanelle,0,1
Chang,1,0
Chang,1,0
Chantal,0,1
Chantay,0,1
Chante,0,1
Chantel,0,1
Chantell,0,1
Chantelle,0,1
Chara,0,1
Charis,0,1
Charise,0,1
Charissa,0,1
Charisse,0,1
Charita,0,1
Charity,0,1
Charla,0,1
Charleen,0,1
Charlena,0,1
Charlene,0,1
Charles,1,0
Charles,1,0
Charlesetta,0,1
Charlette,0,1
Charley,1,0
Charlie,1,1
Charlie,1,1
Charline,0,1
Charlott,0,1
Charlotte,0,1
Charlsie,0,1
Charlyn,0,1
Charmain,0,1
Charmaine,0,1
Charolette,0,1
Chas,1,0
Chase,1,0
Chasidy,0,1
Chasity,0,1
Chassidy,0,1
Chastity,0,1
Chau,1,0
Chauncey,0,1
Chaya,0,1
Chelsea,0,1
Chelsey,1,1
Chelsie,0,1
Cher,0,1
Chere,0,1
Cheree,0,1
Cherelle,0,1
Cheri,0,1
Cherie,0,1
Cherilyn,0,1
Cherise,0,1
Cherish,0,1
Cherly,0,1
Cherlyn,0,1
Cherri,0,1
Cherrie,0,1
Cherry,0,1
Cherryl,0,1
Chery,0,1
Cheryl,0,1
Cheryle,0,1
Cheryll,0,1
Chester,1,0
Chet,1,0
Cheyenne,0,1
Chi,1,1
Chi,1,1
Chia,0,1
Chieko,1,0
Chin,1,0
China,0,1
Ching,1,1
Chiquita,0,1
Chloe,0,1
Chong,1,0
Chong,1,0
Chris,1,0
Chris,1,0
Chrissy,0,1
Christa,0,1
Christal,0,1
Christeen,0,1
Christel,0,1
Christen,0,1
Christena,0,1
Christene,0,1
Christi,0,1
Christia,0,1
Christian,0,1
Christian,1,0
Christiana,0,1
Christiane,0,1
Christie,0,1
Christin,0,1
Christina,0,1
Christine,0,1
Christinia,0,1
Christoper,1,0
Christopher,1,0
Christopher,1,0
Christy,0,1
Chrystal,0,1
Chu,0,1
Chuck,0,1
Chun,0,1
Chung,1,0
Chung,1,0
Ciara,0,1
Cicely,0,1
Ciera,0,1
Cierra,0,1
Cinda,0,1
Cinderella,0,1
Cindi,0,1
Cindie,0,1
Cindy,0,1
Cinthia,0,1
Cira,0,1
Clair,0,1
Clair,0,1
Claire,0,1
Clara,0,1
Clare,0,1
Clarence,1,0
Clarence,1,0
Claretha,0,1
Claretta,0,1
Claribel,0,1
Clarice,0,1
Clarinda,0,1
Clarine,0,1
Claris,0,1
Clarisa,0,1
Clarissa,0,1
Clarita,0,1
Clark,1,0
Classie,0,1
Claud,1,0
Claude,1,0
Claude,1,0
Claudette,0,1
Claudia,0,1
Claudie,0,1
Claudine,0,1
Claudio,1,0
Clay,1,0
Clayton,1,0
Clelia,0,1
Clemencia,0,1
Clement,0,1
Clemente,0,1
Clementina,0,1
Clementine,0,1
Clemmie,0,1
Cleo,1,1
Cleo,1,1
Cleopatra,0,1
Cleora,0,1
Cleotilde,0,1
Cleta,0,1
Cletus,1,0
Cleveland,1,0
Cliff,1,0
Clifford,1,0
Clifton,1,0
Clint,1,0
Clinton,1,0
Clora,0,1
Clorinda,0,1
Clotilde,0,1
Clyde,1,0
Clyde,1,0
Codi,1,0
Cody,1,0
Cody,1,0
Colby,1,0
Colby,1,0
Cole,1,0
Coleen,0,1
Coleman,1,0
Colene,0,1
Coletta,0,1
Colette,0,1
Colin,1,0
Colleen,0,1
Collen,1,0
Collene,0,1
Collette,0,1
Collin,1,0
Colton,1,0
Columbus,1,0
Concepcion,1,0
Conception,1,0
Concetta,0,1
Concha,0,1
Conchita,0,1
Connie,0,1
Connie,0,1
Conrad,1,0
Constance,0,1
Consuela,0,1
Consuelo,0,1
Contessa,0,1
Cora,0,1
Coral,0,1
Coralee,0,1
Coralie,0,1
Corazon,1,0
Cordelia,0,1
Cordell,1,0
Cordia,0,1
Cordie,1,0
Coreen,0,1
Corene,0,1
Coretta,0,1
Corey,1,0
Corey,1,0
Cori,0,1
Corie,0,1
Corina,0,1
Corine,1,1
Corinna,0,1
Corinne,0,1
Corliss,1,0
Cornelia,0,1
Cornelius,1,0
Cornell,1,0
Corrie,0,1
Corrin,1,0
Corrina,0,1
Corrine,0,1
Corrinne,0,1
Cortez,1,0
Cortney,0,1
Cory,1,0
Cory,1,0
Courtney,1,1
Courtney,1,1
Coy,1,0
Craig,1,0
Creola,0,1
Cris,1,0
Criselda,0,1
Crissy,0,1
Crista,0,1
Cristal,0,1
Cristen,0,1
Cristi,0,1
Cristie,0,1
Cristin,0,1
Cristina,0,1
Cristine,0,1
Cristobal,1,0
Cristopher,1,0
Cristy,0,1
Cruz,1,0
Cruz,1,0
Crysta,0,1
Crystal,0,1
Crystle,0,1
Cuc,1,0
Curt,1,0
Curtis,1,0
Curtis,1,0
Cyndi,0,1
Cyndy,0,1
Cynthia,0,1
Cyril,1,0
Cyrstal,0,1
Cyrus,1,0
Cythia,0,1
Dacia,0,1
Dagmar,1,0
Dagny,1,0
Dahlia,0,1
Daina,0,1
Daine,0,1
Daisey,0,1
Daisy,0,1
Dakota,0,1
Dale,1,0
Dale,1,0
Dalene,0,1
Dalia,0,1
Dalila,0,1
Dallas,0,1
Dallas,1,1
Dalton,1,0
Damaris,1,0
Damian,1,0
Damien,1,0
Damion,1,0
Damon,1,0
Dan,1,0
Dan,1,0
Dana,0,1
Dana,0,1
Danae,0,1
Dane,1,0
Danelle,0,1
Danette,0,1
Dani,1,1
Dania,0,1
Danial,1,0
Danica,0,1
Daniel,1,0
Daniel,1,0
Daniela,0,1
Daniele,0,1
Daniell,1,0
Daniella,0,1
Danielle,0,1
Danika,0,1
Danille,1,0
Danilo,1,0
Danita,0,1
Dann,1,0
Danna,0,1
Dannette,0,1
Dannie,0,1
Dannie,0,1
Dannielle,0,1
Danny,1,0
Dante,1,0
Danuta,0,1
Danyel,1,1
Danyell,0,1
Danyelle,0,1
Daphine,0,1
Daphne,0,1
Dara,1,1
Darby,1,0
Darcel,1,0
Darcey,1,1
Darci,0,1
Darcie,0,1
Darcy,1,1
Darell,1,0
Daren,1,0
Daria,0,1
Darin,1,0
Dario,1,0
Darius,1,0
Darla,0,1
Darleen,0,1
Darlena,0,1
Darlene,0,1
Darline,0,1
Darnell,1,0
Darnell,1,0
Daron,1,0
Darrel,1,0
Darrell,1,0
Darren,1,0
Darrick,1,0
Darrin,1,0
Darron,1,0
Darryl,1,0
Darwin,1,0
Daryl,1,0
Daryl,1,0
Dave,1,0
David,1,0
David,1,0
Davida,0,1
Davina,0,1
Davis,1,0
Dawn,0,1
Dawna,0,1
Dawne,0,1
Dayle,1,0
Dayna,0,1
Daysi,0,1
Deadra,0,1
Dean,1,0
Dean,1,0
Deana,0,1
Deandra,0,1
Deandre,0,1
Deandrea,0,1
Deane,0,1
Deangelo,1,0
Deann,1,0
Deanna,0,1
Deanne,0,1
Deb,0,1
Debbi,0,1
Debbie,0,1
Debbra,0,1
Debby,0,1
Debera,0,1
Debi,0,1
Debora,0,1
Deborah,0,1
Debra,0,1
Debrah,0,1
Debroah,0,1
Dede,0,1
Dedra,0,1
Dee,1,0
Dee,1,0
Deeann,1,0
Deeanna,0,1
Deedee,0,1
Deedra,0,1
Deena,0,1
Deetta,0,1
Deidra,0,1
Deidre,0,1
Deirdre,0,1
Deja,0,1
Del,1,0
Delaine,0,1
Delana,0,1
Delbert,1,0
Delcie,0,1
Delena,0,1
Delfina,0,1
Delia,0,1
Delicia,0,1
Delila,0,1
Delilah,0,1
Delinda,0,1
Delisa,0,1
Dell,1,0
Della,0,1
Delma,0,1
Delmar,0,1
Delmer,1,0
Delmy,0,1
Delois,1,0
Deloise,0,1
Delora,0,1
Deloras,1,0
Delores,0,1
Deloris,0,1
Delorse,0,1
Delpha,0,1
Delphia,0,1
Delphine,0,1
Delsie,0,1
Delta,0,1
Demarcus,1,0
Demetra,0,1
Demetria,0,1
Demetrice,1,0
Demetrius,1,0
Demetrius,1,0
Dena,0,1
Denae,0,1
Deneen,0,1
Denese,0,1
Denice,0,1
Denis,1,0
Denise,0,1
Denisha,0,1
Denisse,0,1
Denita,0,1
Denna,0,1
Dennis,1,0
Dennis,1,0
Dennise,0,1
Denny,1,0
Denny,1,0
Denver,1,1
Denyse,0,1
Deon,1,0
Deon,1,0
Deonna,0,1
Derek,1,0
Derick,1,0
Derrick,1,0
Deshawn,1,0
Desirae,0,1
Desire,0,1
Desiree,0,1
Desmond,1,0
Despina,0,1
Dessie,0,1
Destiny,0,1
Detra,0,1
Devin,1,0
Devin,1,0
Devon,1,0
Devon,1,0
Devona,0,1
Devora,0,1
Devorah,0,1
Dewayne,0,1
Dewey,1,0
Dewitt,1,0
Dexter,1,0
Dia,0,1
Diamond,0,1
Dian,0,1
Diana,0,1
Diane,0,1
Diann,0,1
Dianna,0,1
Dianne,0,1
Dick,1,0
Diedra,0,1
Diedre,0,1
Diego,1,0
Dierdre,0,1
Digna,0,1
Dillon,1,0
Dimple,1,0
Dina,0,1
Dinah,0,1
Dino,1,0
Dinorah,0,1
Dion,1,0
Dion,1,0
Dione,0,1
Dionna,0,1
Dionne,0,1
Dirk,1,0
Divina,0,1
Dixie,0,1
Dodie,0,1
Dollie,0,1
Dolly,0,1
Dolores,0,1
Doloris,0,1
Domenic,1,0
Domenica,0,1
Dominga,1,0
Domingo,1,0
Dominic,1,0
Dominica,0,1
Dominick,1,0
Dominique,0,1
Dominique,0,1
Dominque,0,1
Domitila,0,1
Domonique,0,1
Don,1,0
Dona,0,1
Donald,1,0
Donald,1,0
Donella,0,1
Donetta,0,1
Donette,0,1
Dong,1,0
Dong,1,0
Donita,0,1
Donn,1,0
Donna,0,1
Donnell,1,0
Donnetta,0,1
Donnette,0,1
Donnie,1,0
Donnie,1,0
Donny,1,0
Donovan,1,0
Donte,1,0
Donya,0,1
Dora,0,1
Dorathy,0,1
Dorcas,1,0
Doreatha,0,1
Doreen,0,1
Dorene,0,1
Doretha,0,1
Dorethea,0,1
Doretta,0,1
Dori,0,1
Doria,0,1
Dorian,1,0
Dorian,1,0
Dorie,0,1
Dorinda,0,1
Dorine,0,1
Doris,0,1
Dorla,0,1
Dorotha,0,1
Dorothea,0,1
Dorothy,0,1
Dorris,0,1
Dorsey,0,1
Dortha,0,1
Dorthea,0,1
Dorthey,0,1
Dorthy,0,1
Dot,0,1
Dottie,0,1
Dotty,0,1
Doug,1,0
Douglas,1,0
Douglass,1,0
Dovie,1,0
Doyle,1,0
Dreama,0,1
Drema,0,1
Drew,1,0
Drew,1,0
Drucilla,0,1
Drusilla,0,1
Duane,1,0
Dudley,1,0
Dulce,1,0
Dulcie,0,1
Duncan,1,0
Dung,1,0
Dusti,0,1
Dustin,1,0
Dusty,1,1
Dusty,1,1
Dwain,1,0
Dwana,0,1
Dwayne,1,0
Dwight,1,0
Dyan,1,0
Dylan,1,0
Earl,1,0
Earle,1,0
Earlean,1,0
Earleen,0,1
Earlene,0,1
Earlie,1,1
Earline,0,1
Earnest,1,0
Earnestine,0,1
Eartha,0,1
Easter,0,1
Eboni,0,1
Ebonie,0,1
Ebony,0,1
Echo,1,1
Ed,1,0
Eda,0,1
Edda,0,1
Eddie,1,0
Eddie,1,0
Eddy,1,0
Edelmira,0,1
Eden,0,1
Edgar,1,0
Edgardo,1,0
Edie,1,0
Edison,1,0
Edith,0,1
Edmond,1,0
Edmund,1,0
Edmundo,1,0
Edna,0,1
Edra,0,1
Edris,0,1
Eduardo,1,0
Edward,1,0
Edward,1,0
Edwardo,1,0
Edwin,1,0
Edwina,1,0
Edyth,0,1
Edythe,0,1
Effie,0,1
Efrain,0,1
Efren,1,1
Ehtel,0,1
Eileen,0,1
Eilene,0,1
Ela,0,1
Eladia,0,1
Elaina,0,1
Elaine,0,1
Elana,0,1
Elane,0,1
Elanor,0,1
Elayne,0,1
Elba,0,1
Elbert,1,0
Elda,0,1
Elden,1,0
Eldon,1,0
Eldora,0,1
Eldridge,1,0
Eleanor,0,1
Eleanora,0,1
Eleanore,0,1
Elease,0,1
Elena,0,1
Elene,0,1
Eleni,0,1
Elenor,0,1
Elenora,0,1
Elenore,0,1
Eleonor,0,1
Eleonora,0,1
Eleonore,0,1
Elfreda,0,1
Elfrieda,0,1
Elfriede,1,0
Eli,1,0
Elia,0,1
Eliana,0,1
Elias,1,1
Elicia,0,1
Elida,0,1
Elidia,0,1
Elijah,1,0
Elin,1,1
Elina,0,1
Elinor,0,1
Elinore,0,1
Elisa,0,1
Elisabeth,0,1
Elise,0,1
Eliseo,1,0
Elisha,0,1
Elisha,0,1
Elissa,0,1
Eliz,0,1
Eliza,0,1
Elizabet,0,1
Elizabeth,0,1
Elizbeth,0,1
Elizebeth,0,1
Elke,0,1
Ella,0,1
Ellamae,0,1
Ellan,1,0
Ellen,0,1
Ellena,0,1
Elli,0,1
Ellie,0,1
Elliot,1,1
Elliott,1,1
Ellis,0,1
Ellis,1,0
Ellsworth,1,0
Elly,0,1
Ellyn,0,1
Elma,0,1
Elmer,1,0
Elmer,1,0
Elmira,0,1
Elmo,1,0
Elna,0,1
Elnora,0,1
Elodia,0,1
Elois,1,0
Eloisa,0,1
Eloise,0,1
Elouise,0,1
Eloy,1,0
Elroy,1,0
Elsa,0,1
Else,0,1
Elsie,0,1
Elsy,0,1
Elton,1,0
Elva,0,1
Elvera,0,1
Elvia,0,1
Elvie,0,1
Elvin,1,0
Elvina,0,1
Elvira,0,1
Elvis,1,0
Elwanda,0,1
Elwood,1,0
Elyse,0,1
Elza,0,1
Ema,0,1
Emanuel,1,0
Emelda,0,1
Emelia,0,1
Emelina,0,1
Emeline,0,1
Emely,0,1
Emerald,0,1
Emerita,0,1
Emerson,1,0
Emery,1,0
Emiko,1,0
Emil,1,0
Emile,1,0
Emilee,0,1
Emilia,0,1
Emilie,0,1
Emilio,1,0
Emily,0,1
Emma,0,1
Emmaline,0,1
Emmanuel,1,0
Emmett,1,0
Emmie,0,1
Emmitt,1,0
Emmy,1,1
Emogene,0,1
Emory,0,1
Ena,0,1
Enda,0,1
Enedina,0,1
Eneida,0,1
Enid,0,1
Enoch,1,0
Enola,0,1
Enrique,1,0
Enriqueta,0,1
Epifania,0,1
Era,0,1
Erasmo,1,0
Eric,1,0
Eric,1,0
Erica,0,1
Erich,1,0
Erick,1,0
Ericka,0,1
Erik,1,0
Erika,0,1
Erin,1,1
Erin,0,1
Erinn,0,1
Erlene,0,1
Erlinda,0,1
Erline,0,1
Erma,0,1
Ermelinda,0,1
Erminia,0,1
Erna,0,1
Ernest,1,0
Ernestina,0,1
Ernestine,0,1
Ernesto,1,0
Ernie,1,0
Errol,1,0
Ervin,1,0
Erwin,1,0
Eryn,0,1
Esmeralda,0,1
Esperanza,0,1
Essie,0,1
Esta,0,1
Esteban,1,0
Estefana,0,1
Estela,0,1
Estell,0,1
Estella,0,1
Estelle,0,1
Ester,0,1
Esther,0,1
Estrella,0,1
Etha,0,1
Ethan,1,0
Ethel,0,1
Ethelene,0,1
Ethelyn,0,1
Ethyl,0,1
Etsuko,1,0
Etta,0,1
Ettie,0,1
Eufemia,0,1
Eugena,0,1
Eugene,1,0
Eugene,1,0
Eugenia,0,1
Eugenie,0,1
Eugenio,1,0
Eula,0,1
Eulah,1,1
Eulalia,0,1
Eun,1,0
Euna,0,1
Eunice,0,1
Eura,0,1
Eusebia,0,1
Eusebio,1,0
Eustolia,0,1
Eva,0,1
Evalyn,0,1
Evan,1,0
Evan,1,0
Evangelina,0,1
Evangeline,0,1
Eve,0,1
Evelia,0,1
Evelin,0,1
Evelina,0,1
Eveline,0,1
Evelyn,0,1
Evelyne,0,1
Evelynn,0,1
Everett,1,0
Everette,0,1
Evette,0,1
Evia,0,1
Evie,0,1
Evita,0,1
Evon,1,0
Evonne,0,1
Ewa,1,1
Exie,0,1
Ezekiel,1,0
Ezequiel,1,0
Ezra,1,0
Fabian,1,0
Fabiola,0,1
Fae,0,1
Fairy,0,1
Faith,0,1
Fallon,1,0
Fannie,0,1
Fanny,0,1
Farah,0,1
Farrah,0,1
Fatima,0,1
Fatimah,0,1
Faustina,0,1
Faustino,1,0
Fausto,1,0
Faviola,0,1
Fawn,0,1
Fay,0,1
Faye,0,1
Fe,1,1
Federico,1,0
Felecia,0,1
Felica,0,1
Felice,0,1
Felicia,0,1
Felicidad,1,0
Felicita,0,1
Felicitas,1,0
Felipa,0,1
Felipe,1,0
Felisa,0,1
Felisha,0,1
Felix,1,0
Felton,1,0
Ferdinand,1,0
Fermin,1,0
Fermina,0,1
Fern,1,1
Fernanda,0,1
Fernande,1,0
Fernando,1,0
Ferne,0,1
Fidel,1,0
Fidela,0,1
Fidelia,0,1
Filiberto,1,0
Filomena,0,1
Fiona,0,1
Flavia,0,1
Fleta,0,1
Fletcher,1,0
Flo,0,1
Flor,1,0
Flora,0,1
Florance,0,1
Florence,0,1
Florencia,0,1
Florencio,1,0
Florene,0,1
Florentina,0,1
Florentino,1,0
Floretta,0,1
Floria,0,1
Florida,0,1
Florinda,0,1
Florine,0,1
Florrie,1,0
Flossie,0,1
Floy,1,0
Floyd,1,0
Fonda,0,1
Forest,1,1
Forrest,1,1
Foster,1,0
Fran,0,1
France,0,1
Francene,0,1
Frances,0,1
Frances,1,0
Francesca,0,1
Francesco,1,0
Franchesca,0,1
Francie,1,0
Francina,0,1
Francine,0,1
Francis,1,0
Francis,1,1
Francisca,0,1
Francisco,0,1
Francisco,1,0
Francoise,1,0
Frank,1,0
Frank,1,0
Frankie,1,0
Frankie,1,0
Franklin,1,0
Franklyn,1,0
Fransisca,0,1
Fred,1,0
Fred,1,0
Freda,0,1
Fredda,0,1
Freddie,1,0
Freddie,1,0
Freddy,1,0
Frederic,1,0
Frederica,1,0
Frederick,1,0
Fredericka,0,1
Fredia,0,1
Fredric,1,0
Fredrick,1,0
Fredricka,0,1
Freeda,0,1
Freeman,1,0
Freida,0,1
Frida,0,1
Frieda,0,1
Fritz,1,0
Fumiko,0,1
Gabriel,1,0
Gabriel,1,1
Gabriela,0,1
Gabriele,0,1
Gabriella,0,1
Gabrielle,0,1
Gail,0,1
Gail,0,1
Gala,0,1
Gale,1,1
Gale,1,1
Galen,1,0
Galina,0,1
Garfield,1,0
Garland,1,0
Garnet,1,0
Garnett,1,0
Garret,1,0
Garrett,1,0
Garry,1,0
Garth,1,0
Gary,1,0
Gary,1,0
Gaston,1,0
Gavin,1,0
Gay,0,1
Gaye,0,1
Gayla,0,1
Gayle,0,1
Gayle,0,1
Gaylene,0,1
Gaylord,1,0
Gaynell,1,0
Gaynelle,0,1
Gearldine,0,1
Gema,0,1
Gemma,0,1
Gena,0,1
Genaro,1,0
Gene,0,1
Gene,1,1
Genesis,1,0
Geneva,0,1
Genevie,0,1
Genevieve,0,1
Genevive,0,1
Genia,0,1
Genie,1,0
Genna,0,1
Gennie,0,1
Genny,0,1
Genoveva,0,1
Geoffrey,1,0
Georgann,1,0
George,1,0
George,1,0
Georgeann,1,0
Georgeanna,0,1
Georgene,0,1
Georgetta,0,1
Georgette,0,1
Georgia,0,1
Georgiana,0,1
Georgiann,1,0
Georgianna,0,1
Georgianne,0,1
Georgie,1,0
Georgina,0,1
Georgine,0,1
Gerald,1,0
Gerald,1,0
Geraldine,0,1
Geraldo,1,0
Geralyn,0,1
Gerard,1,0
Gerardo,1,0
Gerda,0,1
Geri,1,1
Germaine,1,0
German,1,0
Gerri,1,0
Gerry,1,0
Gerry,1,0
Gertha,0,1
Gertie,1,1
Gertrud,0,1
Gertrude,0,1
Gertrudis,0,1
Gertude,0,1
Ghislaine,0,1
Gia,0,1
Gianna,0,1
Gidget,0,1
Gigi,0,1
Gil,1,0
Gilbert,1,0
Gilberte,0,1
Gilberto,1,0
Gilda,0,1
Gillian,0,1
Gilma,0,1
Gina,0,1
Ginette,0,1
Ginger,0,1
Ginny,0,1
Gino,1,0
Giovanna,0,1
Giovanni,1,0
Gisela,0,1
Gisele,0,1
Giselle,0,1
Gita,0,1
Giuseppe,0,1
Giuseppina,0,1
Gladis,0,1
Glady,0,1
Gladys,0,1
Glayds,0,1
Glen,1,0
Glenda,0,1
Glendora,0,1
Glenn,1,0
Glenn,1,0
Glenna,0,1
Glennie,1,0
Glennis,0,1
Glinda,0,1
Gloria,0,1
Glory,0,1
Glynda,0,1
Glynis,0,1
Golda,0,1
Golden,0,1
Goldie,1,1
Gonzalo,1,0
Gordon,1,0
Grace,0,1
Gracia,0,1
Gracie,0,1
Graciela,0,1
Grady,1,0
Graham,1,0
Graig,1,0
Grant,1,0
Granville,1,0
Grayce,0,1
Grazyna,0,1
Greg,1,0
Gregg,1,0
Gregoria,0,1
Gregorio,1,0
Gregory,1,0
Gregory,1,0
Greta,0,1
Gretchen,0,1
Gretta,0,1
Gricelda,0,1
Grisel,1,0
Griselda,0,1
Grover,1,0
Guadalupe,1,0
Guadalupe,1,0
Gudrun,1,0
Guillermina,0,1
Guillermo,1,0
Gus,1,0
Gussie,0,1
Gustavo,1,0
Guy,1,0
Gwen,0,1
Gwenda,0,1
Gwendolyn,0,1
Gwenn,0,1
Gwyn,0,1
Gwyneth,0,1
Ha,1,1
Hae,1,1
Hai,1,1
Hailey,0,1
Hal,1,0
Haley,1,1
Halina,0,1
Halley,1,1
Hallie,1,0
Han,1,0
Hana,0,1
Hang,1,0
Hanh,1,0
Hank,1,0
Hanna,0,1
Hannah,0,1
Hannelore,1,0
Hans,1,0
Harlan,1,0
Harland,1,0
Harley,1,0
Harmony,0,1
Harold,1,0
Harold,1,0
Harriet,0,1
Harriett,0,1
Harriette,0,1
Harris,1,0
Harrison,1,0
Harry,1,0
Harvey,1,0
Hassan,1,0
Hassie,0,1
Hattie,0,1
Haydee,0,1
Hayden,1,0
Hayley,0,1
Haywood,1,0
Hazel,0,1
Heath,1,0
Heather,0,1
Hector,1,0
Hedwig,1,0
Hedy,1,0
Hee,1,1
Heide,0,1
Heidi,0,1
Heidy,0,1
Heike,1,0
Helaine,0,1
Helen,0,1
Helena,0,1
Helene,0,1
Helga,0,1
Hellen,0,1
Henrietta,0,1
Henriette,0,1
Henry,1,0
Henry,1,0
Herb,1,0
Herbert,1,0
Heriberto,1,0
Herlinda,0,1
Herma,0,1
Herman,1,0
Hermelinda,0,1
Hermila,0,1
Hermina,0,1
Hermine,0,1
Herminia,0,1
Herschel,1,0
Hershel,1,0
Herta,0,1
Hertha,0,1
Hester,1,0
Hettie,0,1
Hiedi,0,1
Hien,0,1
Hilaria,0,1
Hilario,1,0
Hilary,0,1
Hilda,0,1
Hilde,0,1
Hildegard,1,0
Hildegarde,0,1
Hildred,0,1
Hillary,0,1
Hilma,0,1
Hilton,1,0
Hipolito,1,0
Hiram,1,0
Hiroko,1,0
Hisako,1,1
Hoa,1,1
Hobert,1,0
Holley,0,1
Holli,0,1
Hollie,0,1
Hollis,1,0
Hollis,1,0
Holly,0,1
Homer,1,0
Honey,0,1
Hong,1,0
Hong,1,0
Hope,0,1
Horace,1,0
Horacio,1,0
Hortencia,0,1
Hortense,1,0
Hortensia,0,1
Hosea,1,0
Houston,1,0
Howard,1,0
Hoyt,1,0
Hsiu,1,0
Hubert,1,0
Hue,0,1
Huey,1,0
Hugh,1,0
Hugo,1,0
Hui,1,0
Hulda,0,1
Humberto,1,0
Hung,1,0
Hunter,1,0
Huong,1,0
Hwa,1,1
Hyacinth,1,0
Hye,0,1
Hyman,1,0
Hyo,1,0
Hyon,1,0
Hyun,1,0
Ian,1,0
Ida,0,1
Idalia,0,1
Idell,0,1
Idella,0,1
Iesha,0,1
Ignacia,0,1
Ignacio,1,0
Ike,1,0
Ila,0,1
Ilana,0,1
Ilda,0,1
Ileana,0,1
Ileen,0,1
Ilene,0,1
Iliana,0,1
Illa,0,1
Ilona,0,1
Ilse,0,1
Iluminada,0,1
Ima,0,1
Imelda,0,1
Imogene,0,1
In,0,1
Ina,0,1
India,0,1
Indira,0,1
Inell,0,1
Ines,1,0
Inez,1,0
Inga,0,1
Inge,1,0
Ingeborg,1,0
Inger,1,0
Ingrid,0,1
Inocencia,0,1
Iola,0,1
Iona,0,1
Ione,1,1
Ira,0,1
Ira,0,1
Iraida,0,1
Irena,0,1
Irene,0,1
Irina,0,1
Iris,0,1
Irish,0,1
Irma,0,1
Irmgard,0,1
Irvin,1,0
Irving,1,0
Irwin,1,0
Isa,0,1
Isaac,1,0
Isabel,0,1
Isabell,0,1
Isabella,0,1
Isabelle,0,1
Isadora,0,1
Isaiah,1,0
Isaias,1,0
Isaura,0,1
Isela,0,1
Isiah,1,0
Isidra,1,0
Isidro,1,0
Isis,0,1
Ismael,1,0
Isobel,0,1
Israel,1,0
Isreal,1,0
Issac,1,0
Iva,0,1
Ivan,1,0
Ivana,0,1
Ivelisse,0,1
Ivette,0,1
Ivey,0,1
Ivonne,0,1
Ivory,0,1
Ivory,0,1
Ivy,0,1
Izetta,0,1
Izola,0,1
Ja,1,0
Jacalyn,0,1
Jacelyn,0,1
Jacinda,0,1
Jacinta,0,1
Jacinto,1,0
Jack,1,0
Jack,1,0
Jackeline,0,1
Jackelyn,0,1
Jacki,0,1
Jackie,1,1
Jackie,0,1
Jacklyn,0,1
Jackqueline,0,1
Jackson,1,0
Jaclyn,0,1
Jacob,1,0
Jacqualine,0,1
Jacque,1,0
Jacquelin,0,1
Jacqueline,0,1
Jacquelyn,0,1
Jacquelyne,0,1
Jacquelynn,0,1
Jacques,1,0
Jacquetta,0,1
Jacqui,0,1
Jacquie,0,1
Jacquiline,0,1
Jacquline,0,1
Jacqulyn,0,1
Jada,0,1
Jade,0,1
Jadwiga,0,1
Jae,1,1
Jae,1,1
Jaime,1,1
Jaime,1,1
Jaimee,1,1
Jaimie,1,1
Jake,1,0
Jaleesa,0,1
Jalisa,0,1
Jama,0,1
Jamaal,1,0
Jamal,1,0
Jamar,1,0
Jame,1,0
Jame,1,0
Jamee,0,1
Jamel,1,0
James,1,0
James,1,0
Jamey,0,1
Jamey,1,1
Jami,1,1
Jamie,1,1
Jamie,1,1
Jamika,0,1
Jamila,0,1
Jamison,1,0
Jammie,0,1
Jan,1,1
Jan,1,1
Jana,0,1
Janae,0,1
Janay,0,1
Jane,0,1
Janean,1,0
Janee,0,1
Janeen,0,1
Janel,0,1
Janell,0,1
Janella,0,1
Janelle,0,1
Janene,0,1
Janessa,0,1
Janet,0,1
Janeth,0,1
Janett,0,1
Janetta,0,1
Janette,0,1
Janey,0,1
Jani,1,1
Janice,0,1
Janie,0,1
Janiece,0,1
Janina,0,1
Janine,0,1
Janis,1,0
Janise,0,1
Janita,0,1
Jann,1,1
Janna,0,1
Jannet,0,1
Jannette,0,1
Jannie,0,1
January,0,1
Janyce,0,1
Jaqueline,0,1
Jaquelyn,0,1
Jared,1,0
Jarod,1,0
Jarred,1,0
Jarrett,1,0
Jarrod,1,0
Jarvis,1,0
Jasmin,0,1
Jasmine,0,1
Jason,1,0
Jason,1,0
Jasper,1,0
Jaunita,0,1
Javier,1,0
Jay,1,0
Jay,1,0
Jaye,1,0
Jayme,0,1
Jaymie,0,1
Jayna,0,1
Jayne,0,1
Jayson,1,0
Jazmin,0,1
Jazmine,0,1
Jc,1,0
Jean,1,1
Jean,1,1
Jeana,0,1
Jeane,1,1
Jeanelle,0,1
Jeanene,0,1
Jeanett,0,1
Jeanetta,0,1
Jeanette,0,1
Jeanice,0,1
Jeanie,0,1
Jeanine,0,1
Jeanmarie,0,1
Jeanna,0,1
Jeanne,0,1
Jeannetta,0,1
Jeannette,0,1
Jeannie,0,1
Jeannine,0,1
Jed,1,0
Jeff,1,0
Jefferey,1,0
Jefferson,1,0
Jeffery,1,0
Jeffie,1,0
Jeffrey,1,0
Jeffrey,1,0
Jeffry,1,0
Jen,0,1
Jena,0,1
Jenae,0,1
Jene,0,1
Jenee,0,1
Jenell,0,1
Jenelle,0,1
Jenette,0,1
Jeneva,0,1
Jeni,0,1
Jenice,0,1
Jenifer,0,1
Jeniffer,0,1
Jenine,0,1
Jenise,0,1
Jenna,0,1
Jennefer,0,1
Jennell,0,1
Jennette,0,1
Jenni,0,1
Jennie,0,1
Jennifer,0,1
Jenniffer,0,1
Jennine,0,1
Jenny,0,1
Jerald,1,0
Jeraldine,0,1
Jeramy,1,0
Jere,1,0
Jeremiah,1,0
Jeremy,1,0
Jeremy,1,0
Jeri,1,0
Jerica,0,1
Jerilyn,0,1
Jerlene,0,1
Jermaine,1,0
Jerold,1,0
Jerome,1,0
Jeromy,1,0
Jerrell,1,0
Jerri,1,0
Jerrica,0,1
Jerrie,0,1
Jerrod,1,0
Jerrold,1,0
Jerry,1,0
Jerry,1,0
Jesenia,0,1
Jesica,0,1
Jess,0,1
Jesse,0,1
Jesse,1,1
Jessenia,0,1
Jessi,1,0
Jessia,1,0
Jessica,0,1
Jessie,1,1
Jessie,1,1
Jessika,0,1
Jestine,0,1
Jesus,1,0
Jesus,1,0
Jesusa,1,0
Jesusita,0,1
Jetta,0,1
Jettie,0,1
Jewel,0,1
Jewel,0,1
Jewell,0,1
Jewell,0,1
Ji,1,0
Jill,0,1
Jillian,0,1
Jim,1,0
Jimmie,1,0
Jimmie,1,0
Jimmy,1,0
Jimmy,1,0
Jin,1,1
Jina,0,1
Jinny,0,1
Jo,1,1
Joan,0,1
Joan,0,1
Joana,0,1
Joane,0,1
Joanie,0,1
Joann,0,1
Joanna,0,1
Joanne,0,1
Joannie,0,1
Joaquin,1,0
Joaquina,0,1
Jocelyn,0,1
Jodee,0,1
Jodi,0,1
Jodie,0,1
Jody,0,1
Jody,0,1
Joe,1,0
Joe,1,0
Joeann,0,1
Joel,1,0
Joel,1,0
Joella,0,1
Joelle,0,1
Joellen,0,1
Joesph,1,0
Joetta,0,1
Joette,0,1
Joey,1,0
Joey,1,0
Johana,0,1
Johanna,0,1
Johanne,0,1
John,1,0
John,1,0
Johna,0,1
Johnathan,1,0
Johnathon,1,0
Johnetta,0,1
Johnette,0,1
Johnie,1,0
Johnie,1,0
Johnna,0,1
Johnnie,1,0
Johnnie,1,0
Johnny,1,0
Johnny,1,0
Johnsie,1,0
Johnson,1,0
Joi,0,1
Joie,0,1
Jolanda,0,1
Joleen,0,1
Jolene,0,1
Jolie,0,1
Joline,0,1
Jolyn,0,1
Jolynn,0,1
Jon,1,0
Jon,1,0
Jona,0,1
Jonah,1,0
Jonas,1,0
Jonathan,1,0
Jonathon,1,0
Jone,0,1
Jonell,1,0
Jonelle,0,1
Jong,1,0
Joni,0,1
Jonie,1,0
Jonna,0,1
Jonnie,1,0
Jordan,1,0
Jordan,1,1
Jordon,1,0
Jorge,1,0
Jose,1,0
Jose,1,0
Josef,1,0
Josefa,0,1
Josefina,0,1
Josefine,0,1
Joselyn,0,1
Joseph,1,0
Joseph,1,0
Josephina,0,1
Josephine,0,1
Josette,0,1
Josh,1,0
Joshua,1,0
Joshua,1,0
Josiah,1,0
Josie,0,1
Joslyn,0,1
Jospeh,1,0
Josphine,0,1
Josue,1,0
Jovan,1,0
Jovita,0,1
Joy,0,1
Joya,0,1
Joyce,0,1
Joycelyn,0,1
Joye,0,1
Juan,1,0
Juan,1,0
Juana,0,1
Juanita,0,1
Jude,0,1
Jude,0,1
Judi,0,1
Judie,0,1
Judith,0,1
Judson,1,0
Judy,0,1
Jule,0,1
Julee,0,1
Julene,0,1
Jules,1,1
Juli,0,1
Julia,0,1
Julian,0,1
Julian,1,0
Juliana,0,1
Juliane,0,1
Juliann,0,1
Julianna,0,1
Julianne,0,1
Julie,0,1
Julieann,0,1
Julienne,0,1
Juliet,0,1
Julieta,0,1
Julietta,0,1
Juliette,0,1
Julio,1,0
Julio,1,0
Julissa,0,1
Julius,1,0
June,0,1
Jung,1,0
Junie,0,1
Junior,1,0
Junita,0,1
Junko,1,0
Justa,0,1
Justin,1,0
Justin,1,0
Justina,0,1
Justine,0,1
Jutta,0,1
Ka,1,0
Kacey,1,1
Kaci,0,1
Kacie,0,1
Kacy,0,1
Kai,1,0
Kaila,0,1
Kaitlin,0,1
Kaitlyn,0,1
Kala,0,1
Kaleigh,0,1
Kaley,0,1
Kali,0,1
Kallie,0,1
Kalyn,0,1
Kam,1,0
Kamala,0,1
Kami,1,0
Kamilah,0,1
Kandace,0,1
Kandi,0,1
Kandice,0,1
Kandis,0,1
Kandra,0,1
Kandy,0,1
Kanesha,0,1
Kanisha,0,1
Kara,0,1
Karan,1,0
Kareem,1,0
Kareen,1,0
Karen,0,1
Karena,0,1
Karey,0,1
Kari,0,1
Karie,0,1
Karima,0,1
Karin,0,1
Karina,0,1
Karine,0,1
Karisa,0,1
Karissa,0,1
Karl,1,0
Karl,1,0
Karla,0,1
Karleen,0,1
Karlene,0,1
Karly,0,1
Karlyn,0,1
Karma,0,1
Karmen,0,1
Karol,0,1
Karole,0,1
Karoline,0,1
Karolyn,0,1
Karon,0,1
Karren,0,1
Karri,0,1
Karrie,0,1
Karry,0,1
Kary,0,1
Karyl,0,1
Karyn,0,1
Kasandra,0,1
Kasey,0,1
Kasey,1,1
Kasha,0,1
Kasi,0,1
Kasie,0,1
Kassandra,0,1
Kassie,0,1
Kate,0,1
Katelin,0,1
Katelyn,0,1
Katelynn,0,1
Katerine,0,1
Kathaleen,0,1
Katharina,0,1
Katharine,0,1
Katharyn,0,1
Kathe,0,1
Katheleen,0,1
Katherin,0,1
Katherina,0,1
Katherine,0,1
Kathern,0,1
Katheryn,0,1
Kathey,0,1
Kathi,0,1
Kathie,0,1
Kathleen,0,1
Kathlene,0,1
Kathline,0,1
Kathlyn,0,1
Kathrin,0,1
Kathrine,0,1
Kathryn,0,1
Kathryne,0,1
Kathy,0,1
Kathyrn,0,1
Kati,0,1
Katia,0,1
Katie,0,1
Katina,0,1
Katlyn,0,1
Katrice,0,1
Katrina,0,1
Kattie,0,1
Katy,0,1
Kay,0,1
Kayce,0,1
Kaycee,0,1
Kaye,0,1
Kayla,0,1
Kaylee,0,1
Kayleen,0,1
Kayleigh,0,1
Kaylene,0,1
Kazuko,1,0
Kecia,0,1
Keeley,0,1
Keely,0,1
Keena,0,1
Keenan,1,0
Keesha,0,1
Keiko,0,1
Keila,0,1
Keira,0,1
Keisha,0,1
Keith,1,0
Keith,1,0
Keitha,0,1
Keli,0,1
Kelle,0,1
Kellee,0,1
Kelley,0,1
Kelley,0,1
Kelli,0,1
Kellie,0,1
Kelly,1,0
Kelly,1,0
Kellye,0,1
Kelsey,0,1
Kelsi,0,1
Kelsie,0,1
Kelvin,0,1
Kemberly,0,1
Ken,1,0
Kena,0,1
Kenda,0,1
Kendal,1,0
Kendall,1,0
Kendall,1,0
Kendra,0,1
Kendrick,1,0
Keneth,1,0
Kenia,1,0
Kenisha,0,1
Kenna,0,1
Kenneth,1,0
Kenneth,1,0
Kennith,1,0
Kenny,1,0
Kent,1,0
Kenton,1,0
Kenya,0,1
Kenyatta,0,1
Kenyetta,0,1
Kera,0,1
Keren,0,1
Keri,0,1
Kermit,1,0
Kerri,0,1
Kerrie,0,1
Kerry,0,1
Kerry,0,1
Kerstin,0,1
Kesha,0,1
Keshia,0,1
Keturah,0,1
Keva,0,1
Keven,1,0
Kevin,1,0
Kevin,1,0
Khadijah,0,1
Khalilah,0,1
Kia,0,1
Kiana,0,1
Kiara,0,1
Kiera,0,1
Kiersten,0,1
Kiesha,0,1
Kieth,1,0
Kiley,0,1
Kim,0,1
Kim,0,1
Kimber,0,1
Kimberely,0,1
Kimberlee,0,1
Kimberley,0,1
Kimberli,0,1
Kimberlie,0,1
Kimberly,0,1
Kimbery,0,1
Kimbra,0,1
Kimi,0,1
Kimiko,0,1
Kina,0,1
Kindra,0,1
King,1,0
Kip,1,0
Kira,0,1
Kirby,1,1
Kirby,1,1
Kirk,1,0
Kirsten,0,1
Kirstie,0,1
Kirstin,0,1
Kisha,0,1
Kit,1,0
Kittie,0,1
Kitty,0,1
Kiyoko,0,1
Kizzie,0,1
Kizzy,0,1
Klara,0,1
Korey,1,0
Kori,0,1
Kortney,0,1
Kory,1,0
Kourtney,0,1
Kraig,1,0
Kris,1,0
Kris,1,0
Krishna,0,1
Krissy,0,1
Krista,0,1
Kristal,0,1
Kristan,0,1
Kristeen,0,1
Kristel,0,1
Kristen,0,1
Kristi,0,1
Kristian,1,0
Kristie,0,1
Kristin,0,1
Kristina,0,1
Kristine,0,1
Kristle,0,1
Kristofer,1,0
Kristopher,1,0
Kristy,0,1
Kristyn,0,1
Krysta,0,1
Krystal,0,1
Krysten,0,1
Krystin,0,1
Krystina,0,1
Krystle,0,1
Krystyna,0,1
Kum,1,1
Kurt,1,0
Kurtis,1,0
